"Kind","Agent_Id","Queue_Id","Stream_Id","Thread_Id","Dispatch_Id","Kernel_Id","Kernel_Name","Correlation_Id","Start_Timestamp","End_Timestamp","LDS_Block_Size","Scratch_Size","VGPR_Count","Accum_VGPR_Count","SGPR_Count","Workgroup_Size_X","Workgroup_Size_Y","Workgroup_Size_Z","Grid_Size_X","Grid_Size_Y","Grid_Size_Z"
"KERNEL_DISPATCH","Agent 4",1,0,1723393,1,16,"__omp_dm_init_kernel",3,765570656662886,765570656671366,0,0,12,4,16,256,1,1,256,1,1
"KERNEL_DISPATCH","Agent 4",1,0,1723393,2,10,"__omp_offloading_8116438_7d0001d7__QMm_weno_standalonePs_initialize_weno_x_l285",216,765571639800046,765571641085340,0,0,36,4,64,256,1,1,112640,1,1
"KERNEL_DISPATCH","Agent 4",1,0,1723393,3,7,"__omp_offloading_8116438_7d0001d7__QMm_weno_standalonePs_initialize_weno_y_l302",217,765571641121660,765571646218675,0,0,36,4,64,256,1,1,112640,1,1
"KERNEL_DISPATCH","Agent 4",1,0,1723393,4,13,"__omp_offloading_8116438_7d0001d7__QMm_weno_standalonePs_initialize_weno_z_l319",218,765571646327316,765571654696047,0,0,36,4,64,256,1,1,112640,1,1
"KERNEL_DISPATCH","Agent 4",1,0,1723393,5,8,"__omp_offloading_8116438_7d0001d7__QMm_weno_standalonePs_order1_copy_x_l338",226,765571654963890,765571656981352,0,0,48,0,80,256,1,1,112640,1,1
"KERNEL_DISPATCH","Agent 4",1,0,1723393,6,14,"__omp_offloading_8116438_7d0001d7__QMm_weno_standalonePs_order1_copy_y_l358",231,765571657062952,765571663690864,0,0,48,0,80,256,1,1,112640,1,1
"KERNEL_DISPATCH","Agent 4",1,0,1723393,7,6,"__omp_offloading_8116438_7d0001d7__QMm_weno_standalonePs_order1_copy_z_l378",236,765571663875986,765571672687281,0,0,48,0,80,256,1,1,112640,1,1
"KERNEL_DISPATCH","Agent 4",1,0,1723393,8,5,"__omp_offloading_8116438_7d0001d7__QMm_weno_standalonePs_weno5_kernel_l502",238,765571672911124,765571677509414,1536,0,108,4,112,192,1,1,84480,1,1
"KERNEL_DISPATCH","Agent 4",1,0,1723393,9,5,"__omp_offloading_8116438_7d0001d7__QMm_weno_standalonePs_weno5_kernel_l502",239,765571677611655,765571682126264,1536,0,108,4,112,192,1,1,84480,1,1
"KERNEL_DISPATCH","Agent 4",1,0,1723393,10,5,"__omp_offloading_8116438_7d0001d7__QMm_weno_standalonePs_weno5_kernel_l502",240,765571682234265,765571686595592,1536,0,108,4,112,192,1,1,84480,1,1
"KERNEL_DISPATCH","Agent 4",1,0,1723393,11,10,"__omp_offloading_8116438_7d0001d7__QMm_weno_standalonePs_initialize_weno_x_l285",241,765571686699273,765571687991927,0,0,36,4,64,256,1,1,112640,1,1
"KERNEL_DISPATCH","Agent 4",1,0,1723393,12,7,"__omp_offloading_8116438_7d0001d7__QMm_weno_standalonePs_initialize_weno_y_l302",242,765571688015607,765571693064142,0,0,36,4,64,256,1,1,112640,1,1
"KERNEL_DISPATCH","Agent 4",1,0,1723393,13,13,"__omp_offloading_8116438_7d0001d7__QMm_weno_standalonePs_initialize_weno_z_l319",243,765571693163983,765571701523753,0,0,36,4,64,256,1,1,112640,1,1
"KERNEL_DISPATCH","Agent 4",1,0,1723393,14,8,"__omp_offloading_8116438_7d0001d7__QMm_weno_standalonePs_order1_copy_x_l338",248,765571701692757,765571703721098,0,0,48,0,80,256,1,1,112640,1,1
"KERNEL_DISPATCH","Agent 4",1,0,1723393,15,14,"__omp_offloading_8116438_7d0001d7__QMm_weno_standalonePs_order1_copy_y_l358",253,765571703792458,765571710628852,0,0,48,0,80,256,1,1,112640,1,1
"KERNEL_DISPATCH","Agent 4",1,0,1723393,16,6,"__omp_offloading_8116438_7d0001d7__QMm_weno_standalonePs_order1_copy_z_l378",258,765571710798454,765571719575668,0,0,48,0,80,256,1,1,112640,1,1
"KERNEL_DISPATCH","Agent 4",1,0,1723393,17,5,"__omp_offloading_8116438_7d0001d7__QMm_weno_standalonePs_weno5_kernel_l502",259,765571719691029,765571724435400,1536,0,108,4,112,192,1,1,84480,1,1
"KERNEL_DISPATCH","Agent 4",1,0,1723393,18,5,"__omp_offloading_8116438_7d0001d7__QMm_weno_standalonePs_weno5_kernel_l502",260,765571724542762,765571729072410,1536,0,108,4,112,192,1,1,84480,1,1
"KERNEL_DISPATCH","Agent 4",1,0,1723393,19,5,"__omp_offloading_8116438_7d0001d7__QMm_weno_standalonePs_weno5_kernel_l502",261,765571729175131,765571733575659,1536,0,108,4,112,192,1,1,84480,1,1
"KERNEL_DISPATCH","Agent 4",1,0,1723393,20,10,"__omp_offloading_8116438_7d0001d7__QMm_weno_standalonePs_initialize_weno_x_l285",262,765571733675820,765571734960954,0,0,36,4,64,256,1,1,112640,1,1
"KERNEL_DISPATCH","Agent 4",1,0,1723393,21,7,"__omp_offloading_8116438_7d0001d7__QMm_weno_standalonePs_initialize_weno_y_l302",263,765571734983674,765571740047409,0,0,36,4,64,256,1,1,112640,1,1
"KERNEL_DISPATCH","Agent 4",1,0,1723393,22,13,"__omp_offloading_8116438_7d0001d7__QMm_weno_standalonePs_initialize_weno_z_l319",264,765571740145010,765571748516460,0,0,36,4,64,256,1,1,112640,1,1
"KERNEL_DISPATCH","Agent 4",1,0,1723393,23,8,"__omp_offloading_8116438_7d0001d7__QMm_weno_standalonePs_order1_copy_x_l338",269,765571748676141,765571750705283,0,0,48,0,80,256,1,1,112640,1,1
"KERNEL_DISPATCH","Agent 4",1,0,1723393,24,14,"__omp_offloading_8116438_7d0001d7__QMm_weno_standalonePs_order1_copy_y_l358",274,765571750769764,765571757495436,0,0,48,0,80,256,1,1,112640,1,1
"KERNEL_DISPATCH","Agent 4",1,0,1723393,25,6,"__omp_offloading_8116438_7d0001d7__QMm_weno_standalonePs_order1_copy_z_l378",279,765571757662998,765571766475253,0,0,48,0,80,256,1,1,112640,1,1
"KERNEL_DISPATCH","Agent 4",1,0,1723393,26,5,"__omp_offloading_8116438_7d0001d7__QMm_weno_standalonePs_weno5_kernel_l502",280,765571766590134,765571771351625,1536,0,108,4,112,192,1,1,84480,1,1
"KERNEL_DISPATCH","Agent 4",1,0,1723393,27,5,"__omp_offloading_8116438_7d0001d7__QMm_weno_standalonePs_weno5_kernel_l502",281,765571771454986,765571775983675,1536,0,108,4,112,192,1,1,84480,1,1
"KERNEL_DISPATCH","Agent 4",1,0,1723393,28,5,"__omp_offloading_8116438_7d0001d7__QMm_weno_standalonePs_weno5_kernel_l502",282,765571776088476,765571780497324,1536,0,108,4,112,192,1,1,84480,1,1
"KERNEL_DISPATCH","Agent 4",1,0,1723393,29,10,"__omp_offloading_8116438_7d0001d7__QMm_weno_standalonePs_initialize_weno_x_l285",283,765571780597005,765571781896699,0,0,36,4,64,256,1,1,112640,1,1
"KERNEL_DISPATCH","Agent 4",1,0,1723393,30,7,"__omp_offloading_8116438_7d0001d7__QMm_weno_standalonePs_initialize_weno_y_l302",284,765571781919419,765571787013874,0,0,36,4,64,256,1,1,112640,1,1
"KERNEL_DISPATCH","Agent 4",1,0,1723393,31,13,"__omp_offloading_8116438_7d0001d7__QMm_weno_standalonePs_initialize_weno_z_l319",285,765571787112435,765571795509806,0,0,36,4,64,256,1,1,112640,1,1
"KERNEL_DISPATCH","Agent 4",1,0,1723393,32,8,"__omp_offloading_8116438_7d0001d7__QMm_weno_standalonePs_order1_copy_x_l338",290,765571795666447,765571797777670,0,0,48,0,80,256,1,1,112640,1,1
"KERNEL_DISPATCH","Agent 4",1,0,1723393,33,14,"__omp_offloading_8116438_7d0001d7__QMm_weno_standalonePs_order1_copy_y_l358",295,765571797845511,765571804560303,0,0,48,0,80,256,1,1,112640,1,1
"KERNEL_DISPATCH","Agent 4",1,0,1723393,34,6,"__omp_offloading_8116438_7d0001d7__QMm_weno_standalonePs_order1_copy_z_l378",300,765571804729585,765571813560720,0,0,48,0,80,256,1,1,112640,1,1
"KERNEL_DISPATCH","Agent 4",1,0,1723393,35,5,"__omp_offloading_8116438_7d0001d7__QMm_weno_standalonePs_weno5_kernel_l502",301,765571813674801,765571818440933,1536,0,108,4,112,192,1,1,84480,1,1
"KERNEL_DISPATCH","Agent 4",1,0,1723393,36,5,"__omp_offloading_8116438_7d0001d7__QMm_weno_standalonePs_weno5_kernel_l502",302,765571818543174,765571823128983,1536,0,108,4,112,192,1,1,84480,1,1
"KERNEL_DISPATCH","Agent 4",1,0,1723393,37,5,"__omp_offloading_8116438_7d0001d7__QMm_weno_standalonePs_weno5_kernel_l502",303,765571823231704,765571827674152,1536,0,108,4,112,192,1,1,84480,1,1
"KERNEL_DISPATCH","Agent 4",1,0,1723393,38,10,"__omp_offloading_8116438_7d0001d7__QMm_weno_standalonePs_initialize_weno_x_l285",304,765571827773308,765571829067081,0,0,36,4,64,256,1,1,112640,1,1
"KERNEL_DISPATCH","Agent 4",1,0,1723393,39,7,"__omp_offloading_8116438_7d0001d7__QMm_weno_standalonePs_initialize_weno_y_l302",305,765571829090601,765571834258976,0,0,36,4,64,256,1,1,112640,1,1
"KERNEL_DISPATCH","Agent 4",1,0,1723393,40,13,"__omp_offloading_8116438_7d0001d7__QMm_weno_standalonePs_initialize_weno_z_l319",306,765571834357217,765571842741148,0,0,36,4,64,256,1,1,112640,1,1
"KERNEL_DISPATCH","Agent 4",1,0,1723393,41,8,"__omp_offloading_8116438_7d0001d7__QMm_weno_standalonePs_order1_copy_x_l338",311,765571842899869,765571844920851,0,0,48,0,80,256,1,1,112640,1,1
"KERNEL_DISPATCH","Agent 4",1,0,1723393,42,14,"__omp_offloading_8116438_7d0001d7__QMm_weno_standalonePs_order1_copy_y_l358",316,765571844985812,765571851649404,0,0,48,0,80,256,1,1,112640,1,1
"KERNEL_DISPATCH","Agent 4",1,0,1723393,43,6,"__omp_offloading_8116438_7d0001d7__QMm_weno_standalonePs_order1_copy_z_l378",321,765571851816125,765571860654460,0,0,48,0,80,256,1,1,112640,1,1
"KERNEL_DISPATCH","Agent 4",1,0,1723393,44,5,"__omp_offloading_8116438_7d0001d7__QMm_weno_standalonePs_weno5_kernel_l502",322,765571860767902,765571865581073,1536,0,108,4,112,192,1,1,84480,1,1
"KERNEL_DISPATCH","Agent 4",1,0,1723393,45,5,"__omp_offloading_8116438_7d0001d7__QMm_weno_standalonePs_weno5_kernel_l502",323,765571865685075,765571870279044,1536,0,108,4,112,192,1,1,84480,1,1
"KERNEL_DISPATCH","Agent 4",1,0,1723393,46,5,"__omp_offloading_8116438_7d0001d7__QMm_weno_standalonePs_weno5_kernel_l502",324,765571870380645,765571874790133,1536,0,108,4,112,192,1,1,84480,1,1
"KERNEL_DISPATCH","Agent 4",1,0,1723393,47,10,"__omp_offloading_8116438_7d0001d7__QMm_weno_standalonePs_initialize_weno_x_l285",325,765571874904694,765571876202148,0,0,36,4,64,256,1,1,112640,1,1
"KERNEL_DISPATCH","Agent 4",1,0,1723393,48,7,"__omp_offloading_8116438_7d0001d7__QMm_weno_standalonePs_initialize_weno_y_l302",326,765571876225028,765571881085720,0,0,36,4,64,256,1,1,112640,1,1
"KERNEL_DISPATCH","Agent 4",1,0,1723393,49,13,"__omp_offloading_8116438_7d0001d7__QMm_weno_standalonePs_initialize_weno_z_l319",327,765571881183161,765571889568692,0,0,36,4,64,256,1,1,112640,1,1
"KERNEL_DISPATCH","Agent 4",1,0,1723393,50,8,"__omp_offloading_8116438_7d0001d7__QMm_weno_standalonePs_order1_copy_x_l338",332,765571889731304,765571891757085,0,0,48,0,80,256,1,1,112640,1,1
"KERNEL_DISPATCH","Agent 4",1,0,1723393,51,14,"__omp_offloading_8116438_7d0001d7__QMm_weno_standalonePs_order1_copy_y_l358",337,765571891825405,765571898617318,0,0,48,0,80,256,1,1,112640,1,1
"KERNEL_DISPATCH","Agent 4",1,0,1723393,52,6,"__omp_offloading_8116438_7d0001d7__QMm_weno_standalonePs_order1_copy_z_l378",342,765571898781160,765571907621576,0,0,48,0,80,256,1,1,112640,1,1
"KERNEL_DISPATCH","Agent 4",1,0,1723393,53,5,"__omp_offloading_8116438_7d0001d7__QMm_weno_standalonePs_weno5_kernel_l502",343,765571907736777,765571912528028,1536,0,108,4,112,192,1,1,84480,1,1
"KERNEL_DISPATCH","Agent 4",1,0,1723393,54,5,"__omp_offloading_8116438_7d0001d7__QMm_weno_standalonePs_weno5_kernel_l502",344,765571912634430,765571917191599,1536,0,108,4,112,192,1,1,84480,1,1
"KERNEL_DISPATCH","Agent 4",1,0,1723393,55,5,"__omp_offloading_8116438_7d0001d7__QMm_weno_standalonePs_weno5_kernel_l502",345,765571917293360,765571921692447,1536,0,108,4,112,192,1,1,84480,1,1
"KERNEL_DISPATCH","Agent 4",1,0,1723393,56,10,"__omp_offloading_8116438_7d0001d7__QMm_weno_standalonePs_initialize_weno_x_l285",346,765571921792288,765571923086222,0,0,36,4,64,256,1,1,112640,1,1
"KERNEL_DISPATCH","Agent 4",1,0,1723393,57,7,"__omp_offloading_8116438_7d0001d7__QMm_weno_standalonePs_initialize_weno_y_l302",347,765571923109423,765571928046916,0,0,36,4,64,256,1,1,112640,1,1
"KERNEL_DISPATCH","Agent 4",1,0,1723393,58,13,"__omp_offloading_8116438_7d0001d7__QMm_weno_standalonePs_initialize_weno_z_l319",348,765571928144837,765571936528767,0,0,36,4,64,256,1,1,112640,1,1
"KERNEL_DISPATCH","Agent 4",1,0,1723393,59,8,"__omp_offloading_8116438_7d0001d7__QMm_weno_standalonePs_order1_copy_x_l338",353,765571936683489,765571938727191,0,0,48,0,80,256,1,1,112640,1,1
"KERNEL_DISPATCH","Agent 4",1,0,1723393,60,14,"__omp_offloading_8116438_7d0001d7__QMm_weno_standalonePs_order1_copy_y_l358",358,765571938792152,765571945546144,0,0,48,0,80,256,1,1,112640,1,1
"KERNEL_DISPATCH","Agent 4",1,0,1723393,61,6,"__omp_offloading_8116438_7d0001d7__QMm_weno_standalonePs_order1_copy_z_l378",363,765571945709743,765571954535917,0,0,48,0,80,256,1,1,112640,1,1
"KERNEL_DISPATCH","Agent 4",1,0,1723393,62,5,"__omp_offloading_8116438_7d0001d7__QMm_weno_standalonePs_weno5_kernel_l502",364,765571954651438,765571959476610,1536,0,108,4,112,192,1,1,84480,1,1
"KERNEL_DISPATCH","Agent 4",1,0,1723393,63,5,"__omp_offloading_8116438_7d0001d7__QMm_weno_standalonePs_weno5_kernel_l502",365,765571959579651,765571964131380,1536,0,108,4,112,192,1,1,84480,1,1
"KERNEL_DISPATCH","Agent 4",1,0,1723393,64,5,"__omp_offloading_8116438_7d0001d7__QMm_weno_standalonePs_weno5_kernel_l502",366,765571964235701,765571968622948,1536,0,108,4,112,192,1,1,84480,1,1
"KERNEL_DISPATCH","Agent 4",1,0,1723393,65,10,"__omp_offloading_8116438_7d0001d7__QMm_weno_standalonePs_initialize_weno_x_l285",367,765571968721189,765571970014323,0,0,36,4,64,256,1,1,112640,1,1
"KERNEL_DISPATCH","Agent 4",1,0,1723393,66,7,"__omp_offloading_8116438_7d0001d7__QMm_weno_standalonePs_initialize_weno_y_l302",368,765571970037203,765571975142698,0,0,36,4,64,256,1,1,112640,1,1
"KERNEL_DISPATCH","Agent 4",1,0,1723393,67,13,"__omp_offloading_8116438_7d0001d7__QMm_weno_standalonePs_initialize_weno_z_l319",369,765571975241579,765571983633509,0,0,36,4,64,256,1,1,112640,1,1
"KERNEL_DISPATCH","Agent 4",1,0,1723393,68,8,"__omp_offloading_8116438_7d0001d7__QMm_weno_standalonePs_order1_copy_x_l338",374,765571983795591,765571985809053,0,0,48,0,80,256,1,1,112640,1,1
"KERNEL_DISPATCH","Agent 4",1,0,1723393,69,14,"__omp_offloading_8116438_7d0001d7__QMm_weno_standalonePs_order1_copy_y_l358",379,765571985873693,765571992613286,0,0,48,0,80,256,1,1,112640,1,1
"KERNEL_DISPATCH","Agent 4",1,0,1723393,70,6,"__omp_offloading_8116438_7d0001d7__QMm_weno_standalonePs_order1_copy_z_l378",384,765571992777288,765572001603622,0,0,48,0,80,256,1,1,112640,1,1
"KERNEL_DISPATCH","Agent 4",1,0,1723393,71,5,"__omp_offloading_8116438_7d0001d7__QMm_weno_standalonePs_weno5_kernel_l502",385,765572001718504,765572006537915,1536,0,108,4,112,192,1,1,84480,1,1
"KERNEL_DISPATCH","Agent 4",1,0,1723393,72,5,"__omp_offloading_8116438_7d0001d7__QMm_weno_standalonePs_weno5_kernel_l502",386,765572006640637,765572011195566,1536,0,108,4,112,192,1,1,84480,1,1
"KERNEL_DISPATCH","Agent 4",1,0,1723393,73,5,"__omp_offloading_8116438_7d0001d7__QMm_weno_standalonePs_weno5_kernel_l502",387,765572011299247,765572015694334,1536,0,108,4,112,192,1,1,84480,1,1
"KERNEL_DISPATCH","Agent 4",1,0,1723393,74,10,"__omp_offloading_8116438_7d0001d7__QMm_weno_standalonePs_initialize_weno_x_l285",388,765572015779708,765572017073001,0,0,36,4,64,256,1,1,112640,1,1
"KERNEL_DISPATCH","Agent 4",1,0,1723393,75,7,"__omp_offloading_8116438_7d0001d7__QMm_weno_standalonePs_initialize_weno_y_l302",389,765572017095881,765572022105695,0,0,36,4,64,256,1,1,112640,1,1
"KERNEL_DISPATCH","Agent 4",1,0,1723393,76,13,"__omp_offloading_8116438_7d0001d7__QMm_weno_standalonePs_initialize_weno_z_l319",390,765572022202496,765572030561946,0,0,36,4,64,256,1,1,112640,1,1
"KERNEL_DISPATCH","Agent 4",1,0,1723393,77,8,"__omp_offloading_8116438_7d0001d7__QMm_weno_standalonePs_order1_copy_x_l338",395,765572030716668,765572032750930,0,0,48,0,80,256,1,1,112640,1,1
"KERNEL_DISPATCH","Agent 4",1,0,1723393,78,14,"__omp_offloading_8116438_7d0001d7__QMm_weno_standalonePs_order1_copy_y_l358",400,765572032816690,765572039538203,0,0,48,0,80,256,1,1,112640,1,1
"KERNEL_DISPATCH","Agent 4",1,0,1723393,79,6,"__omp_offloading_8116438_7d0001d7__QMm_weno_standalonePs_order1_copy_z_l378",405,765572039704445,765572048531740,0,0,48,0,80,256,1,1,112640,1,1
"KERNEL_DISPATCH","Agent 4",1,0,1723393,80,5,"__omp_offloading_8116438_7d0001d7__QMm_weno_standalonePs_weno5_kernel_l502",406,765572048646301,765572053461233,1536,0,108,4,112,192,1,1,84480,1,1
"KERNEL_DISPATCH","Agent 4",1,0,1723393,81,5,"__omp_offloading_8116438_7d0001d7__QMm_weno_standalonePs_weno5_kernel_l502",407,765572053549234,765572058076963,1536,0,108,4,112,192,1,1,84480,1,1
"KERNEL_DISPATCH","Agent 4",1,0,1723393,82,5,"__omp_offloading_8116438_7d0001d7__QMm_weno_standalonePs_weno5_kernel_l502",408,765572058179044,765572062609652,1536,0,108,4,112,192,1,1,84480,1,1
"KERNEL_DISPATCH","Agent 4",1,0,1723393,83,10,"__omp_offloading_8116438_7d0001d7__QMm_weno_standalonePs_initialize_weno_x_l285",409,765572062708053,765572064001507,0,0,36,4,64,256,1,1,112640,1,1
"KERNEL_DISPATCH","Agent 4",1,0,1723393,84,7,"__omp_offloading_8116438_7d0001d7__QMm_weno_standalonePs_initialize_weno_y_l302",410,765572064024867,765572068883799,0,0,36,4,64,256,1,1,112640,1,1
"KERNEL_DISPATCH","Agent 4",1,0,1723393,85,13,"__omp_offloading_8116438_7d0001d7__QMm_weno_standalonePs_initialize_weno_z_l319",411,765572068980760,765572077327730,0,0,36,4,64,256,1,1,112640,1,1
"KERNEL_DISPATCH","Agent 4",1,0,1723393,86,8,"__omp_offloading_8116438_7d0001d7__QMm_weno_standalonePs_order1_copy_x_l338",416,765572077470452,765572079522794,0,0,48,0,80,256,1,1,112640,1,1
"KERNEL_DISPATCH","Agent 4",1,0,1723393,87,14,"__omp_offloading_8116438_7d0001d7__QMm_weno_standalonePs_order1_copy_y_l358",421,765572079593900,765572086399093,0,0,48,0,80,256,1,1,112640,1,1
"KERNEL_DISPATCH","Agent 4",1,0,1723393,88,6,"__omp_offloading_8116438_7d0001d7__QMm_weno_standalonePs_order1_copy_z_l378",426,765572086566615,765572095389589,0,0,48,0,80,256,1,1,112640,1,1
"KERNEL_DISPATCH","Agent 4",1,0,1723393,89,5,"__omp_offloading_8116438_7d0001d7__QMm_weno_standalonePs_weno5_kernel_l502",427,765572095502871,765572100288842,1536,0,108,4,112,192,1,1,84480,1,1
"KERNEL_DISPATCH","Agent 4",1,0,1723393,90,5,"__omp_offloading_8116438_7d0001d7__QMm_weno_standalonePs_weno5_kernel_l502",428,765572100391883,765572104906972,1536,0,108,4,112,192,1,1,84480,1,1
"KERNEL_DISPATCH","Agent 4",1,0,1723393,91,5,"__omp_offloading_8116438_7d0001d7__QMm_weno_standalonePs_weno5_kernel_l502",429,765572105009053,765572109384140,1536,0,108,4,112,192,1,1,84480,1,1
"KERNEL_DISPATCH","Agent 4",1,0,1723393,92,10,"__omp_offloading_8116438_7d0001d7__QMm_weno_standalonePs_initialize_weno_x_l285",430,765572109483501,765572110778715,0,0,36,4,64,256,1,1,112640,1,1
"KERNEL_DISPATCH","Agent 4",1,0,1723393,93,7,"__omp_offloading_8116438_7d0001d7__QMm_weno_standalonePs_initialize_weno_y_l302",431,765572110796955,765572115987731,0,0,36,4,64,256,1,1,112640,1,1
"KERNEL_DISPATCH","Agent 4",1,0,1723393,94,13,"__omp_offloading_8116438_7d0001d7__QMm_weno_standalonePs_initialize_weno_z_l319",432,765572116086932,765572124505742,0,0,36,4,64,256,1,1,112640,1,1
"KERNEL_DISPATCH","Agent 4",1,0,1723393,95,8,"__omp_offloading_8116438_7d0001d7__QMm_weno_standalonePs_order1_copy_x_l338",437,765572124664944,765572126719526,0,0,48,0,80,256,1,1,112640,1,1
"KERNEL_DISPATCH","Agent 4",1,0,1723393,96,14,"__omp_offloading_8116438_7d0001d7__QMm_weno_standalonePs_order1_copy_y_l358",442,765572126790087,765572133609040,0,0,48,0,80,256,1,1,112640,1,1
"KERNEL_DISPATCH","Agent 4",1,0,1723393,97,6,"__omp_offloading_8116438_7d0001d7__QMm_weno_standalonePs_order1_copy_z_l378",447,765572133773680,765572142603694,0,0,48,0,80,256,1,1,112640,1,1
"KERNEL_DISPATCH","Agent 4",1,0,1723393,98,5,"__omp_offloading_8116438_7d0001d7__QMm_weno_standalonePs_weno5_kernel_l502",448,765572142718095,765572147509506,1536,0,108,4,112,192,1,1,84480,1,1
"KERNEL_DISPATCH","Agent 4",1,0,1723393,99,5,"__omp_offloading_8116438_7d0001d7__QMm_weno_standalonePs_weno5_kernel_l502",449,765572147612707,765572152202997,1536,0,108,4,112,192,1,1,84480,1,1
"KERNEL_DISPATCH","Agent 4",1,0,1723393,100,5,"__omp_offloading_8116438_7d0001d7__QMm_weno_standalonePs_weno5_kernel_l502",450,765572152304918,765572156726245,1536,0,108,4,112,192,1,1,84480,1,1
"KERNEL_DISPATCH","Agent 4",1,0,1723393,101,10,"__omp_offloading_8116438_7d0001d7__QMm_weno_standalonePs_initialize_weno_x_l285",451,765572156825606,765572158121300,0,0,36,4,64,256,1,1,112640,1,1
"KERNEL_DISPATCH","Agent 4",1,0,1723393,102,7,"__omp_offloading_8116438_7d0001d7__QMm_weno_standalonePs_initialize_weno_y_l302",452,765572158139860,765572163379597,0,0,36,4,64,256,1,1,112640,1,1
"KERNEL_DISPATCH","Agent 4",1,0,1723393,103,13,"__omp_offloading_8116438_7d0001d7__QMm_weno_standalonePs_initialize_weno_z_l319",453,765572163476878,765572171858248,0,0,36,4,64,256,1,1,112640,1,1
"KERNEL_DISPATCH","Agent 4",1,0,1723393,104,8,"__omp_offloading_8116438_7d0001d7__QMm_weno_standalonePs_order1_copy_x_l338",458,765572172014730,765572174039711,0,0,48,0,80,256,1,1,112640,1,1
"KERNEL_DISPATCH","Agent 4",1,0,1723393,105,14,"__omp_offloading_8116438_7d0001d7__QMm_weno_standalonePs_order1_copy_y_l358",463,765572174105312,765572180846025,0,0,48,0,80,256,1,1,112640,1,1
"KERNEL_DISPATCH","Agent 4",1,0,1723393,106,6,"__omp_offloading_8116438_7d0001d7__QMm_weno_standalonePs_order1_copy_z_l378",468,765572181012426,765572189864041,0,0,48,0,80,256,1,1,112640,1,1
"KERNEL_DISPATCH","Agent 4",1,0,1723393,107,5,"__omp_offloading_8116438_7d0001d7__QMm_weno_standalonePs_weno5_kernel_l502",469,765572189977643,765572194767294,1536,0,108,4,112,192,1,1,84480,1,1
"KERNEL_DISPATCH","Agent 4",1,0,1723393,108,5,"__omp_offloading_8116438_7d0001d7__QMm_weno_standalonePs_weno5_kernel_l502",470,765572194871775,765572199462065,1536,0,108,4,112,192,1,1,84480,1,1
"KERNEL_DISPATCH","Agent 4",1,0,1723393,109,5,"__omp_offloading_8116438_7d0001d7__QMm_weno_standalonePs_weno5_kernel_l502",471,765572199563346,765572203967393,1536,0,108,4,112,192,1,1,84480,1,1
"KERNEL_DISPATCH","Agent 4",1,0,1723393,110,10,"__omp_offloading_8116438_7d0001d7__QMm_weno_standalonePs_initialize_weno_x_l285",472,765572204054788,765572205348081,0,0,36,4,64,256,1,1,112640,1,1
"KERNEL_DISPATCH","Agent 4",1,0,1723393,111,7,"__omp_offloading_8116438_7d0001d7__QMm_weno_standalonePs_initialize_weno_y_l302",473,765572205371441,765572210425895,0,0,36,4,64,256,1,1,112640,1,1
"KERNEL_DISPATCH","Agent 4",1,0,1723393,112,13,"__omp_offloading_8116438_7d0001d7__QMm_weno_standalonePs_initialize_weno_z_l319",474,765572210523496,765572218896226,0,0,36,4,64,256,1,1,112640,1,1
"KERNEL_DISPATCH","Agent 4",1,0,1723393,113,8,"__omp_offloading_8116438_7d0001d7__QMm_weno_standalonePs_order1_copy_x_l338",479,765572219056868,765572221092250,0,0,48,0,80,256,1,1,112640,1,1
"KERNEL_DISPATCH","Agent 4",1,0,1723393,114,14,"__omp_offloading_8116438_7d0001d7__QMm_weno_standalonePs_order1_copy_y_l358",484,765572221157851,765572227889603,0,0,48,0,80,256,1,1,112640,1,1
"KERNEL_DISPATCH","Agent 4",1,0,1723393,115,6,"__omp_offloading_8116438_7d0001d7__QMm_weno_standalonePs_order1_copy_z_l378",489,765572228053445,765572236866180,0,0,48,0,80,256,1,1,112640,1,1
"KERNEL_DISPATCH","Agent 4",1,0,1723393,116,5,"__omp_offloading_8116438_7d0001d7__QMm_weno_standalonePs_weno5_kernel_l502",490,765572236980261,765572241810873,1536,0,108,4,112,192,1,1,84480,1,1
"KERNEL_DISPATCH","Agent 4",1,0,1723393,117,5,"__omp_offloading_8116438_7d0001d7__QMm_weno_standalonePs_weno5_kernel_l502",491,765572241914394,765572246473163,1536,0,108,4,112,192,1,1,84480,1,1
"KERNEL_DISPATCH","Agent 4",1,0,1723393,118,5,"__omp_offloading_8116438_7d0001d7__QMm_weno_standalonePs_weno5_kernel_l502",492,765572246573484,765572250954331,1536,0,108,4,112,192,1,1,84480,1,1
"KERNEL_DISPATCH","Agent 4",1,0,1723393,119,10,"__omp_offloading_8116438_7d0001d7__QMm_weno_standalonePs_initialize_weno_x_l285",493,765572251053692,765572252344586,0,0,36,4,64,256,1,1,112640,1,1
"KERNEL_DISPATCH","Agent 4",1,0,1723393,120,7,"__omp_offloading_8116438_7d0001d7__QMm_weno_standalonePs_initialize_weno_y_l302",494,765572252367146,765572257368640,0,0,36,4,64,256,1,1,112640,1,1
"KERNEL_DISPATCH","Agent 4",1,0,1723393,121,13,"__omp_offloading_8116438_7d0001d7__QMm_weno_standalonePs_initialize_weno_z_l319",495,765572257465761,765572265836091,0,0,36,4,64,256,1,1,112640,1,1
"KERNEL_DISPATCH","Agent 4",1,0,1723393,122,8,"__omp_offloading_8116438_7d0001d7__QMm_weno_standalonePs_order1_copy_x_l338",500,765572265997906,765572268039688,0,0,48,0,80,256,1,1,112640,1,1
"KERNEL_DISPATCH","Agent 4",1,0,1723393,123,14,"__omp_offloading_8116438_7d0001d7__QMm_weno_standalonePs_order1_copy_y_l358",505,765572268107848,765572274916882,0,0,48,0,80,256,1,1,112640,1,1
"KERNEL_DISPATCH","Agent 4",1,0,1723393,124,6,"__omp_offloading_8116438_7d0001d7__QMm_weno_standalonePs_order1_copy_z_l378",510,765572275081203,765572283907058,0,0,48,0,80,256,1,1,112640,1,1
"KERNEL_DISPATCH","Agent 4",1,0,1723393,125,5,"__omp_offloading_8116438_7d0001d7__QMm_weno_standalonePs_weno5_kernel_l502",511,765572284020340,765572288828552,1536,0,108,4,112,192,1,1,84480,1,1
"KERNEL_DISPATCH","Agent 4",1,0,1723393,126,5,"__omp_offloading_8116438_7d0001d7__QMm_weno_standalonePs_weno5_kernel_l502",512,765572288930793,765572293523002,1536,0,108,4,112,192,1,1,84480,1,1
"KERNEL_DISPATCH","Agent 4",1,0,1723393,127,5,"__omp_offloading_8116438_7d0001d7__QMm_weno_standalonePs_weno5_kernel_l502",513,765572293624923,765572298030571,1536,0,108,4,112,192,1,1,84480,1,1
"KERNEL_DISPATCH","Agent 4",1,0,1723393,128,10,"__omp_offloading_8116438_7d0001d7__QMm_weno_standalonePs_initialize_weno_x_l285",514,765572298129132,765572299440506,0,0,36,4,64,256,1,1,112640,1,1
"KERNEL_DISPATCH","Agent 4",1,0,1723393,129,7,"__omp_offloading_8116438_7d0001d7__QMm_weno_standalonePs_initialize_weno_y_l302",515,765572299463226,765572304687122,0,0,36,4,64,256,1,1,112640,1,1
"KERNEL_DISPATCH","Agent 4",1,0,1723393,130,13,"__omp_offloading_8116438_7d0001d7__QMm_weno_standalonePs_initialize_weno_z_l319",516,765572304785683,765572313149294,0,0,36,4,64,256,1,1,112640,1,1
"KERNEL_DISPATCH","Agent 4",1,0,1723393,131,8,"__omp_offloading_8116438_7d0001d7__QMm_weno_standalonePs_order1_copy_x_l338",521,765572313310255,765572315329797,0,0,48,0,80,256,1,1,112640,1,1
"KERNEL_DISPATCH","Agent 4",1,0,1723393,132,14,"__omp_offloading_8116438_7d0001d7__QMm_weno_standalonePs_order1_copy_y_l358",526,765572315394438,765572322150351,0,0,48,0,80,256,1,1,112640,1,1
"KERNEL_DISPATCH","Agent 4",1,0,1723393,133,6,"__omp_offloading_8116438_7d0001d7__QMm_weno_standalonePs_order1_copy_z_l378",531,765572322314355,765572331166770,0,0,48,0,80,256,1,1,112640,1,1
"KERNEL_DISPATCH","Agent 4",1,0,1723393,134,5,"__omp_offloading_8116438_7d0001d7__QMm_weno_standalonePs_weno5_kernel_l502",532,765572331281331,765572336109383,1536,0,108,4,112,192,1,1,84480,1,1
"KERNEL_DISPATCH","Agent 4",1,0,1723393,135,5,"__omp_offloading_8116438_7d0001d7__QMm_weno_standalonePs_weno5_kernel_l502",533,765572336213224,765572340805913,1536,0,108,4,112,192,1,1,84480,1,1
"KERNEL_DISPATCH","Agent 4",1,0,1723393,136,5,"__omp_offloading_8116438_7d0001d7__QMm_weno_standalonePs_weno5_kernel_l502",534,765572340908314,765572345308042,1536,0,108,4,112,192,1,1,84480,1,1
