"Kind","Operation","Agent_Id","Allocation_Size","Address","Correlation_Id","Start_Timestamp","End_Timestamp"
"MEMORY_ALLOCATION","MEMORY_ALLOCATION_ALLOCATE","Agent 3",1048576,"0x00007fffccc00000",1,765524273675119,765524273830143
"MEMORY_ALLOCATION","MEMORY_ALLOCATION_ALLOCATE","Agent 3",4194304,"0x00007fffcc600000",1,765524273860921,765524274322406
"MEMORY_ALLOCATION","MEMORY_ALLOCATION_ALLOCATE","Agent 3",56,"0x00007fffdf896000",1,765524274340059,765524274356771
"MEMORY_ALLOCATION","MEMORY_ALLOCATION_ALLOCATE","Agent 3",4,"0x00007fffdf894000",9,765525416063475,765525416134670
"MEMORY_ALLOCATION","MEMORY_ALLOCATION_ALLOCATE","Agent 3",1048576,"0x00007fffb5a00000",12,765525422337140,765525422466756
"MEMORY_ALLOCATION","MEMORY_ALLOCATION_ALLOCATE","Agent 3",4194304,"0x00007fffb5400000",12,765525662939541,765525663411065
"MEMORY_ALLOCATION","MEMORY_ALLOCATION_ALLOCATE","Agent 4",627058688,"0x00007ffd96400000",47,765525669130540,765525669181627
"MEMORY_ALLOCATION","MEMORY_ALLOCATION_ALLOCATE","Agent 3",1048576,"0x00007fffb4e00000",48,765525671420519,765525671551828
"MEMORY_ALLOCATION","MEMORY_ALLOCATION_ALLOCATE","Agent 3",4194304,"0x00007fffb4800000",48,765525671591493,765525672054060
"MEMORY_ALLOCATION","MEMORY_ALLOCATION_ALLOCATE","Agent 4",627058688,"0x00007ffd6c800000",49,765525672135113,765525672174187
"MEMORY_ALLOCATION","MEMORY_ALLOCATION_ALLOCATE","Agent 4",627058688,"0x00007ffd46e00000",51,765525672205737,765525672231796
"MEMORY_ALLOCATION","MEMORY_ALLOCATION_ALLOCATE","Agent 4",663054848,"0x00007ffd1f200000",53,765525672260210,765525672295507
"MEMORY_ALLOCATION","MEMORY_ALLOCATION_ALLOCATE","Agent 4",24720,"0x00007fffb4400000",55,765525672326766,765525672351954
"MEMORY_ALLOCATION","MEMORY_ALLOCATION_ALLOCATE","Agent 4",24720,"0x00007fffb4407000",57,765525672382822,765525672383684
"MEMORY_ALLOCATION","MEMORY_ALLOCATION_ALLOCATE","Agent 4",24720,"0x00007fffb440e000",59,765525672410014,765525672410635
"MEMORY_ALLOCATION","MEMORY_ALLOCATION_ALLOCATE","Agent 4",24720,"0x00007fffb4415000",61,765525672439259,765525672440462
"MEMORY_ALLOCATION","MEMORY_ALLOCATION_ALLOCATE","Agent 4",8240,"0x00007fffb441c000",63,765525672472152,765525672472833
"MEMORY_ALLOCATION","MEMORY_ALLOCATION_ALLOCATE","Agent 4",8240,"0x00007fffb441f000",65,765525672497810,765525672498582
"MEMORY_ALLOCATION","MEMORY_ALLOCATION_ALLOCATE","Agent 4",8240,"0x00007fffb4422000",67,765525672522768,765525672523619
"MEMORY_ALLOCATION","MEMORY_ALLOCATION_ALLOCATE","Agent 4",8240,"0x00007fffb4425000",69,765525672547464,765525672548176
"MEMORY_ALLOCATION","MEMORY_ALLOCATION_ALLOCATE","Agent 4",24720,"0x00007fffb4428000",71,765525672575127,765525672575898
"MEMORY_ALLOCATION","MEMORY_ALLOCATION_ALLOCATE","Agent 4",24720,"0x00007fffb442f000",73,765525672600294,765525672600926
"MEMORY_ALLOCATION","MEMORY_ALLOCATION_ALLOCATE","Agent 4",49440,"0x00007fffb4436000",75,765525672627827,765525672628257
"MEMORY_ALLOCATION","MEMORY_ALLOCATION_ALLOCATE","Agent 4",49440,"0x00007fffb4443000",77,765525672651882,765525672652283
"MEMORY_ALLOCATION","MEMORY_ALLOCATION_ALLOCATE","Agent 4",49440,"0x00007fffb4450000",79,765525672675577,765525672676008
"MEMORY_ALLOCATION","MEMORY_ALLOCATION_ALLOCATE","Agent 4",8240,"0x00007fffb445d000",81,765525672699532,765525672699953
"MEMORY_ALLOCATION","MEMORY_ALLOCATION_ALLOCATE","Agent 4",8240,"0x00007fffb4460000",83,765525672722205,765525672723057
"MEMORY_ALLOCATION","MEMORY_ALLOCATION_ALLOCATE","Agent 4",609800192,"0x00007ffcf6800000",113,765526609150633,765526609491950
"MEMORY_ALLOCATION","MEMORY_ALLOCATION_ALLOCATE","Agent 4",609800192,"0x00007ffcd2000000",114,765526609505315,765526609528339
"MEMORY_ALLOCATION","MEMORY_ALLOCATION_ALLOCATE","Agent 4",609800192,"0x00007ffcad800000",115,765526609532777,765526609568325
"MEMORY_ALLOCATION","MEMORY_ALLOCATION_ALLOCATE","Agent 4",609800192,"0x00007ffc89000000",116,765526609572673,765526609592601
"MEMORY_ALLOCATION","MEMORY_ALLOCATION_ALLOCATE","Agent 4",609800192,"0x00007ffc64800000",117,765526609596388,765526609620794
"MEMORY_ALLOCATION","MEMORY_ALLOCATION_ALLOCATE","Agent 4",609800192,"0x00007ffc40000000",118,765526609627437,765526609646322
